"","0 - Pros","0 - Model","1 - Pros","1 - Model","2 - Pros","2- Model"
"000",0.5439,0.5546517,0.2983,0.3120666,0.1147,0.1244533
"001",0.9345,0.9753566,0.5641,0.6035033,0.2422,0.2713257
"010",1.1465,1.1350232,0.7134,0.7511442,0.3391,0.3747959
"100",1.3685,1.1344901,0.9528,0.7514747,0.3907,0.3754299
"011",1.4371,1.5543923,0.9792,1.045425,0.4666,0.5256891
"101",1.7591,1.5555543,1.2186,1.0444235,0.5182,0.5252382
"110",1.9711,1.7137594,1.3679,1.1936163,0.6151,0.6295055
"111",2.3618,2.1047169,1.6337,1.4995961,0.7426,0.8119866
